[{"username":"Zain","email":"","password":"$2a$10$bx3sj83Yvei/iClT2/wB9.hiURDNdOS1Xti7UgkpGxYVaMz27nSN2"},{"username":"Zain2","email":"","password":"$2a$10$w6zYfHDx6rhGQwDwcXkxXelrhT.WKB5bnspKwjBPtvTnMZYQcHUBS"},{"username":"","email":"","password":"$2a$10$bxX52GDHUrJUeFZK/bWus.UQRdg0MM6l4ViCVf9XWnYTiXEDY9AJe"},{"username":"ZainShakeel","email":"asdf@asdf.com","password":"$2a$10$nHKr97z/RYQpBtwI9w7/ceBwd283.2C9g8WA7.e4XKz5BKL6lSLRW"},{"username":"TestUser","email":"test@test.com","password":"$2a$10$wsYuYpnyiQizsxdAG2WYYOfjWud7d8fCexhGOIHVv3uapEGMvRrHm"},{"username":"Asdf","email":"test@test.commm","password":"$2a$10$11Ch1NRj7r9IGz8MYEblaO/BzkyEo3bJt4UJ9y.46MKBalvk1Hdue"},{"username":"asdf","email":"1234@q234.com","password":"$2a$10$MfoIJMHIk2wwiKA7u/Wg4ea8Ec50oFiI70uj2u7o6QlrPvZcP.yy6"}]